{
  "mae": 26912.59758790781,
  "rmse": 40689.58429157878,
  "r2": 0.4914269746493447,
  "mape": 33.70139839049378,
  "p10_pinball": 6401.817086960575,
  "p90_pinball": 9645.859734277145,
  "n_iterations_median": 1500,
  "n_iterations_p10": 67,
  "n_iterations_p90": 79,
  "n_train": 86043,
  "n_test": 21511,
  "n_features": 64,
  "trained_at": "2026-03-08T22:20:08.866411Z"
}